{
  "IcoMoonType": "selection",
  "icons": [
    {
      "icon": {
        "paths": [
          "M1024 608l-192-192v-288h-128v160l-192-192-512 512v32h128v320h320v-192h128v192h320v-320h128z"
        ],
        "tags": [
          "home",
          "house"
        ],
        "defaultCode": 59650,
        "grid": 16,
        "attrs": []
      },
      "attrs": [],
      "properties": {
        "ligatures": "home3, house3",
        "name": "home3",
        "order": 2,
        "id": 3,
        "prevSize": 32,
        "code": 59650
      },
      "setIdx": 0,
      "setId": 1,
      "iconIdx": 2
    },
    {
      "icon": {
        "paths": [
          "M864 0h-768c-52.8 0-96 43.2-96 96v832c0 52.8 43.2 96 96 96h768c52.8 0 96-43.2 96-96v-832c0-52.8-43.2-96-96-96zM832 896h-704v-768h704v768zM256 448h448v64h-448zM256 576h448v64h-448zM256 704h448v64h-448zM256 320h448v64h-448z"
        ],
        "tags": [
          "file-text",
          "file",
          "document",
          "list",
          "paper"
        ],
        "defaultCode": 59682,
        "grid": 16,
        "attrs": []
      },
      "attrs": [],
      "properties": {
        "ligatures": "file-text, file",
        "name": "file-text",
        "order": 5,
        "id": 35,
        "prevSize": 32,
        "code": 59682
      },
      "setIdx": 0,
      "setId": 1,
      "iconIdx": 34
    },
    {
      "icon": {
        "paths": [
          "M976 0h-384c-26.4 0-63.274 15.274-81.942 33.942l-476.116 476.116c-18.668 18.668-18.668 49.214 0 67.882l412.118 412.118c18.668 18.668 49.214 18.668 67.882 0l476.118-476.118c18.666-18.666 33.94-55.54 33.94-81.94v-384c0-26.4-21.6-48-48-48zM736 384c-53.020 0-96-42.98-96-96s42.98-96 96-96 96 42.98 96 96-42.98 96-96 96z"
        ],
        "tags": [
          "price-tag"
        ],
        "defaultCode": 59701,
        "grid": 16,
        "attrs": []
      },
      "attrs": [],
      "properties": {
        "ligatures": "price-tag",
        "name": "price-tag",
        "order": 6,
        "id": 54,
        "prevSize": 32,
        "code": 59701
      },
      "setIdx": 0,
      "setId": 1,
      "iconIdx": 53
    },
    {
      "icon": {
        "paths": [
          "M928 128h-832c-52.8 0-96 43.2-96 96v640c0 52.8 43.2 96 96 96h832c52.8 0 96-43.2 96-96v-640c0-52.8-43.2-96-96-96zM398.74 550.372l-270.74 210.892v-501.642l270.74 290.75zM176.38 256h671.24l-335.62 252-335.62-252zM409.288 561.698l102.712 110.302 102.71-110.302 210.554 270.302h-626.528l210.552-270.302zM625.26 550.372l270.74-290.75v501.642l-270.74-210.892z"
        ],
        "tags": [
          "envelop",
          "mail",
          "email",
          "contact",
          "letter"
        ],
        "defaultCode": 59717,
        "grid": 16,
        "attrs": []
      },
      "attrs": [],
      "properties": {
        "ligatures": "envelop, mail",
        "name": "envelop",
        "order": 8,
        "id": 70,
        "prevSize": 32,
        "code": 59717
      },
      "setIdx": 0,
      "setId": 1,
      "iconIdx": 69
    },
    {
      "icon": {
        "paths": [
          "M960 256h-256v-64c0-35.2-28.8-64-64-64h-256c-35.204 0-64 28.8-64 64v64h-256c-35.2 0-64 28.8-64 64v576c0 35.202 28.796 64 64 64h896c35.2 0 64-28.798 64-64v-576c0-35.2-28.8-64-64-64zM384 192.116c0.034-0.040 0.074-0.082 0.114-0.116h255.772c0.042 0.034 0.082 0.076 0.118 0.116v63.884h-256.004v-63.884zM960 512h-128v96c0 17.602-14.4 32-32 32h-64c-17.604 0-32-14.398-32-32v-96h-384v96c0 17.602-14.4 32-32 32h-64c-17.602 0-32-14.398-32-32v-96h-128v-64h896v64z"
        ],
        "tags": [
          "briefcase",
          "portfolio",
          "suitcase",
          "work",
          "job",
          "employee"
        ],
        "defaultCode": 59822,
        "grid": 16,
        "attrs": []
      },
      "attrs": [],
      "properties": {
        "ligatures": "briefcase, portfolio",
        "name": "briefcase",
        "order": 7,
        "id": 175,
        "prevSize": 32,
        "code": 59822
      },
      "setIdx": 0,
      "setId": 1,
      "iconIdx": 174
    }
  ],
  "height": 1024,
  "metadata": {
    "name": "icomoon"
  },
  "preferences": {
    "showGlyphs": true,
    "showQuickUse": true,
    "showQuickUse2": true,
    "showSVGs": true,
    "fontPref": {
      "prefix": "icon-",
      "metadata": {
        "fontFamily": "icomoon"
      },
      "metrics": {
        "emSize": 1024,
        "baseline": 6.25,
        "whitespace": 50
      },
      "embed": false
    },
    "imagePref": {
      "prefix": "icon-",
      "png": true,
      "useClassSelector": true,
      "color": 0,
      "bgColor": 16777215,
      "classSelector": ".icon"
    },
    "historySize": 50,
    "showCodes": true,
    "gridSize": 16
  }
}